Address,BranchID,BranchName,City,State,Zipcode
"17214 Elizabeth Pike Apt. 096 Fieldsbury, NV 50745",275,Williams-Brown Branch,Robinville,NC,51110
"54180 Kathleen Forest Apt. 511 Lake Brianna, IN 13127",276,Huff-Mullins Branch,Angelicastad,DC,16025
"74368 Reynolds Place Suite 756 New Christopherfort, NE 10176",277,Lawson-Mcmahon Branch,South Danielshire,AS,65402
"PSC 7332, Box 6345 APO AE 04001",278,Morgan Inc Branch,Priceton,MS,16964
USS Brooks FPO AP 31947,279,Castillo-Warren Branch,Sarahstad,NM,45221
"08190 Matthew Bypass Apt. 031 Port Malikton, NY 21313",280,"Holland, Villarreal and Patel Branch",South Patriciaville,SD,61559
"16055 Calderon Canyon Ericksonstad, HI 91526",281,Hanson-Williams Branch,Wilsonchester,DC,90114
"287 Brian Harbors Suite 288 Loriville, FL 50491",282,Anderson-Vincent Branch,Nathanielport,MA,13421
"16084 Amy Estate South Laura, PR 09483",283,"Daniels, Salas and Cherry Branch",Lorihaven,NE,68953
"6118 Branch Causeway Staffordborough, NH 90519",284,Douglas-Lee Branch,South Benjaminchester,KS,05417
"320 Nancy Lodge Suite 315 Jessicachester, MS 19727",285,Holt Ltd Branch,Williamfurt,CT,36360
"438 Perez Vista Smithberg, VI 34569",286,Wagner Ltd Branch,Andersonstad,HI,61798
"709 Chapman Estates Apt. 900 North Karinafort, CT 76954",287,"Schneider, Wu and Hamilton Branch",Loriville,HI,12608
"85132 Sarah Mountains Port Ryan, AS 94375",288,Glenn and Sons Branch,Brownburgh,TX,12713
"487 Duke Lane Apt. 603 Lake Michaelbury, ND 12202",289,"Sanchez, Molina and Baker Branch",Danielland,VA,57210
"135 Andrew Highway Millschester, LA 26107",290,"Reynolds, Mcclain and Mendoza Branch",Mckenzieville,IN,65063
"9891 Ramirez Pike Lake Marymouth, TN 11725",291,"Matthews, Harding and Garcia Branch",Jeffreychester,KS,74380
"8540 Perez Trail Suite 004 South Dominiqueland, NM 54054",292,Frost PLC Branch,Melendezmouth,MT,26765
"2732 Ashley Oval Apt. 760 North Marissa, WV 67525",293,Baker-Lopez Branch,New Dominiqueshire,VA,86844
"1812 Wolfe Glen Danielmouth, GU 91359",294,"Smith, Hammond and Hall Branch",West Tonya,MT,08422
"830 Rebekah Pass Suite 432 Jenniferfurt, KY 94692",295,"Rice, Park and Martinez Branch",Mortonburgh,RI,70379
"01626 Martinez Tunnel Suite 300 Vanessachester, MS 66010",296,"Moyer, Mckay and Jenkins Branch",North Matthewberg,WV,39992
"23755 Francis Meadows Apt. 198 Port Stephanietown, ME 75977",297,Simmons-Weaver Branch,Zacharyville,DE,06338
"8602 Matthew Springs Apt. 871 North Amyview, VI 24649",298,"Waller, Hunter and Neal Branch",Hopkinshaven,HI,26635
"4381 Foster Creek Johnchester, PW 98308",299,Garrett and Sons Branch,East Anna,PW,94121
"14514 Adam Hollow Bakerfort, WA 30599",225,"Frye, Alexander and Wright Branch",West Eric,CA,27759
"6730 Brewer Inlet Apt. 875 Lake Johnburgh, NE 61180",226,Garcia-Ward Branch,Franktown,WY,84690
"6983 Collins Ridge Suite 353 Andersonburgh, AS 62542",227,"Evans, Thompson and Carter Branch",Pamelatown,RI,22613
"12351 Saunders Cliffs Apt. 010 South Brooke, AR 69357",228,Baker-Little Branch,Hernandezville,WI,13370
"614 Stevenson Lodge Suite 884 Alexanderberg, AZ 36565",229,"Williams, Kennedy and Campbell Branch",Williamsview,MO,85387
"905 Cooper Mills Marytown, MA 12577",230,Miller-Rodriguez Branch,Port Jeff,NY,90489
"26104 Roach Stream Apt. 268 Hayesfort, MH 12576",231,Hunt-Gillespie Branch,Lanemouth,CO,64327
"PSC 3096, Box 8137 APO AA 45820",232,"Mcbride, Owens and James Branch",South Regina,MO,90532
"2746 Gibson Junctions New Lisaton, PA 07364",233,"Daniels, Andrade and Flowers Branch",Sanchezview,NE,98408
USNV Williams FPO AP 82203,234,"Bailey, Lee and Benton Branch",Port Jordanville,AK,43453
"9056 Morris Trail Suite 638 East Bobby, MT 64631",235,"Tran, Zamora and Rivera Branch",South Scottland,MP,54195
"5518 Sharp Tunnel North Stefaniefort, UT 14879",236,Ortiz-Johnson Branch,Lake Anthony,AS,06313
"45011 Clark Roads Apt. 046 Jonathanland, NY 56447",237,"Young, Marquez and Clarke Branch",Avilastad,KS,41354
"20399 Andrew Overpass Apt. 188 Port Lindseymouth, ME 79486",238,"Flores, Mullen and Gilbert Branch",Larryhaven,VA,86466
"35603 Gary Garden East Benjaminborough, WI 60048",239,"Bennett, Parks and Patterson Branch",New Robin,PR,39416
"84175 Osborn Corner Apt. 926 East Benjaminberg, NJ 54540",240,Holland Group Branch,Codyhaven,WI,82560
"PSC 1376, Box 7594 APO AA 65416",241,Baker PLC Branch,New Ginaberg,GA,26195
"3695 Jeffery Lodge Apt. 515 East Craigberg, ME 57411",242,"Hall, Pruitt and Wright Branch",West Amber,FL,65112
"9498 Williams Knoll Sheltonstad, MI 66046",243,Green-Wall Branch,Sabrinamouth,LA,88723
"50206 Vaughan Flat Apt. 270 Thomasview, WV 97986",244,Watkins and Sons Branch,East Alex,AL,33076
"02865 Kevin Crescent Joyport, AK 64530",245,Logan-Jones Branch,Port Sarahfurt,MA,60069
"54855 Robert Drive Arellanoview, MH 73836",246,"Garcia, Walker and Schultz Branch",West Rachelstad,CO,41989
USCGC Nichols FPO AP 49684,247,Torres Ltd Branch,Port Jordanton,OK,01348
"7071 Alexis Street Apt. 627 Jessicaberg, ND 25531",248,"Moreno, Alvarez and Dunn Branch",East Maria,DC,30477
"66597 Zachary Center Suite 829 East Michaelview, IA 93361",249,Anderson and Sons Branch,Lopezview,CO,93015
"285 Jose Spur Apt. 655 Anitaville, SD 80406",175,Sharp Ltd Branch,Robertmouth,MA,72256
Unit 1546 Box 3476 DPO AE 79901,176,"Gutierrez, Myers and Johnston Branch",North James,MT,97963
"563 Rodriguez Passage North Jamieside, VI 90499",177,White Ltd Branch,Josephhaven,AL,15173
"190 Parker Terrace North Jillview, WA 54987",178,"Escobar, Wu and Stevens Branch",Johnmouth,WI,55603
"946 Whitney Key West Elizabethtown, AL 08080",179,"Knight, Griffin and Rodriguez Branch",South Kyle,KS,82379
"2002 Price Overpass Marymouth, MH 76645",180,"Rodgers, Reeves and Morris Branch",South Carlymouth,CO,99335
"14666 Kimberly Parkways Apt. 514 Brownfurt, AL 65523",181,"Villa, Harrison and Avila Branch",Hernandezview,WV,66362
"68118 Duran Views Apt. 227 Bergerport, CA 52493",182,Thompson-Brooks Branch,Timothyland,MD,49403
"776 Rebecca Mall Brianport, MT 53171",183,"Hart, Tanner and York Branch",Maryside,WA,92016
"7287 Mcgee Station North Jacobburgh, GA 46655",184,Underwood-Cantu Branch,South Brucefurt,AS,58533
"42563 Pruitt Underpass Tonybury, UT 96017",185,Campbell Inc Branch,West Jeffreyshire,GA,26345
"409 Hughes Flats Apt. 262 Michaelville, AK 39904",186,"Williams, Hogan and Gallegos Branch",South Lori,SC,41321
"85389 Jessica Fall Lake Sabrina, CT 09037",187,"Craig, Arias and Miranda Branch",North Patrick,ND,04774
"958 Jack Center Apt. 459 South Elizabethbury, FM 03141",188,"Aguirre, Gallegos and Walker Branch",Davisshire,FM,29636
"7983 Andrea Centers Maloneburgh, UT 93863",189,Harris Group Branch,Rebeccatown,AS,85005
"0330 Johnson Drive Suite 692 Bankschester, MN 35936",190,Boyle PLC Branch,Morganfurt,AL,51835
"973 Lin Extension North Crystalville, FL 82462",191,Gonzalez-Williams Branch,Justinmouth,MO,22617
"44861 Nicholas Shores South Anthony, FL 49180",192,Palmer Ltd Branch,Lake Adamburgh,WY,40524
"2907 Bennett Ridges Apt. 335 East Carlland, OR 09764",193,Young-Carroll Branch,East Adam,WV,00980
"57392 Paul Ferry Lake Christopherborough, MA 77491",194,Wilson-Evans Branch,Port Dennisport,ND,77705
"409 Gregory Crest New Sarahchester, DC 95677",195,Munoz-Sampson Branch,East Heatherport,FL,15636
"08796 Cole Cliffs New Jon, OK 85010",196,Thompson PLC Branch,Fergusonmouth,FM,88772
"3188 Krystal River Apt. 519 Lake Carmenburgh, MO 69728",197,"Payne, Jones and Ward Branch",Port Steven,NH,79944
"PSC 6119, Box 0728 APO AA 85165",198,Reid Inc Branch,Maynardside,HI,29632
"0362 Hunter Motorway Apt. 927 South Wayneside, LA 03076",199,"Rowe, Shaffer and Oneal Branch",Richside,AS,46235
"637 Norman Plains Apt. 205 North James, IL 41207",125,"Armstrong, Waller and Mitchell Branch",New Michaelfurt,WY,54262
"182 Lindsay Points Apt. 231 Haileyfort, VT 28298",126,"Brown, Collins and Jones Branch",Snyderland,MI,12569
"0227 Webb Run Lake Brandonshire, MO 54525",127,"Rose, Lindsey and Miller Branch",Port Ianview,VA,74379
"32390 Maria Drives South Amyfurt, MP 02712",128,"Holt, Jacobson and Olson Branch",East Nathanielburgh,AK,18928
"55932 Mark Lock Lake William, HI 42441",129,Wilson-Harper Branch,East Janice,VT,17322
"66465 Christopher Summit Ryanland, NY 23522",130,"Schmitt, Barry and Young Branch",Port Stephenfurt,NC,27459
"630 Joseph Throughway Lake Jessica, MI 28610",131,Morales Inc Branch,New Kaylaburgh,AL,42226
"141 Joseph Ports Raymondside, AZ 42469",132,Rivera and Sons Branch,Ashleyshire,IN,43274
"2845 George Prairie Apt. 381 East Alexandra, ID 90847",133,Hawkins-Vasquez Branch,East Jamesbury,PA,14855
"791 Stevens Plaza Port Mario, MN 59626",134,Wilson-George Branch,North Rebeccamouth,FL,19464
"167 Cook Passage Suite 748 South Joannachester, WY 47354",135,"Ritter, Green and Anderson Branch",New Kirk,AS,54135
"08455 Gonzalez Haven Suite 345 North Lorraineport, AR 31985",136,Lopez Inc Branch,Jennifershire,MO,11793
"093 Bonilla Mountain East Williamfort, OR 07701",137,Underwood-Johnson Branch,Lake Elizabeth,GA,26420
USCGC Oneal FPO AE 38725,138,Hall-Kim Branch,North Jennaville,HI,70944
"44793 Joseph Valley Suite 456 Grimesshire, OR 44495",139,Burns-Washington Branch,Erinborough,AS,91455
"19290 Erik Keys South Josephborough, NE 23103",140,Evans Group Branch,Scottchester,VA,36442
"774 Vega Place Suite 222 Armstrongfurt, NJ 38829",141,Hudson-Walter Branch,Hillborough,TX,32368
"220 Garrison Forest Apt. 770 East Charles, GA 34400",142,Lee Group Branch,Matthewsshire,AR,91604
"3866 Barker Crescent Apt. 850 New Patriciaside, WI 84230",143,Young-Jackson Branch,West Micheleton,SD,37557
"17349 Jennifer Lights Jessicashire, HI 72474",144,Smith Group Branch,West Elizabeth,GA,36378
"553 Kelly Locks Suite 296 North Monica, VT 58111",145,Thompson-Welch Branch,Mccoyview,HI,08056
"84668 Mathews Plaza Apt. 504 Saramouth, MS 91595",146,"Henderson, Navarro and Fernandez Branch",Adamport,OH,81796
"972 Adrienne Unions Lake Davidberg, ME 34941",147,Burnett Group Branch,Arielport,MT,81625
Unit 0632 Box 4732 DPO AA 33433,148,Butler Inc Branch,Freemanfurt,FM,27897
"8890 Mendez Expressway New Josephview, NH 69650",149,Wiggins-Rice Branch,Brownshire,CA,66173
"212 Peter Dam Carolineburgh, MN 90367",150,Jarvis-Sherman Branch,Robertsshire,SC,27113
"916 Mcbride Place Riveraside, WI 44573",151,Gross-Love Branch,Annaview,DE,15475
"46306 Nicole Trace Apt. 084 Jacobtown, LA 91023",152,"Richardson, Schwartz and Gates Branch",Markland,DC,34879
"90330 Ellis Divide Rileyfort, MA 95680",153,"Buchanan, Williams and Kirby Branch",New Eric,MH,14879
"69687 Travis Plain Suite 853 New Craig, AL 70294",154,Ellis-Mclaughlin Branch,Shelbystad,AL,47545
USNV Castillo FPO AE 69110,155,Brennan-Sanders Branch,Stacyhaven,MP,11397
"44844 Lynch Mountains Suite 927 Williamsport, MH 38626",156,"Barrera, Graham and Black Branch",Smithbury,NM,94550
"66433 Sanders Springs Hernandezport, UT 43415",157,Rivera Group Branch,Wrightchester,TX,50657
"2093 Madison Lock Wyattfurt, IN 09583",158,Alexander-Smith Branch,Lake Carlosmouth,VI,49014
"344 Mendez Divide Kennedytown, AS 79302",159,Allen Inc Branch,North Jamestown,MP,74534
"343 Garcia Circles Suite 391 Danielside, MS 88848",160,Sanchez-Ramirez Branch,New Stephanie,GU,09488
"97005 Meghan Mount Craigfort, MN 83764",161,"Dennis, Davis and Moore Branch",Port Brentside,CA,30764
"8946 Smith Mount Suite 230 South Robertachester, SD 25735",162,"Hall, Walker and Harris Branch",Christinefort,VT,23767
"702 Bennett Lodge Apt. 817 New Jesse, OH 34474",163,Daniels-Brown Branch,Stephenmouth,MN,25057
"950 Robert Drives Suite 103 South Leah, SC 24244",164,"Gomez, Smith and Patterson Branch",Lake Nathan,OH,53683
"1509 Samantha Lake West Jeremy, VI 76926",165,Williams-Vaughn Branch,Bethside,NV,76729
"64835 John Gardens Suite 124 Lake Cindy, NH 33268",166,"Perez, Alexander and Brown Branch",Lake Pamelaborough,WV,22548
"5486 Stephen Field New Leslie, MH 09973",167,Edwards-Spears Branch,Lake Coreyview,VA,10228
"1564 Katherine Road West Robinport, HI 08857",168,"Lopez, Robinson and Malone Branch",Davieshaven,WV,81243
"57341 Nunez Turnpike Suite 978 Port John, SC 43462",169,"Carter, Mcpherson and Robinson Branch",Lake Donnaborough,IN,97780
"7719 Jones Pike Stephaniehaven, NY 21336",170,Simpson Ltd Branch,Lake Lisaport,SC,83178
"063 Miranda Plains Apt. 932 New David, NC 33663",171,"Peterson, Hall and Nielsen Branch",Ericmouth,ME,51746
"9159 Linda Meadows Apt. 382 North Jason, AR 11621",172,Myers-Oneal Branch,Matthewberg,MH,89999
"4713 Carr Pass Suite 530 Beckberg, NH 05470",173,Young-Wilson Branch,North Tracy,ID,39614
"8978 Smith Union North Joseland, LA 11235",174,"Barnett, Mckenzie and Mcbride Branch",Thompsonburgh,MA,01351
"3556 Murphy Tunnel Lake Curtis, HI 87868",200,Boyer-Flores Branch,Williamschester,DC,73212
"12815 Lopez Run South Jonathantown, WY 58031",201,Andrade-Brown Branch,South Charles,IA,24111
"14721 Damon Light Suite 287 West Johnland, OH 47624",202,Williams-Ramirez Branch,East Melissa,AS,74090
"7152 Stephanie Motorway Suite 936 Benjaminborough, CT 65896",203,Hammond and Sons Branch,North Kimberly,DC,54506
"00924 Rebecca Village Apt. 182 New Nancyton, AR 73764",204,Peterson-Taylor Branch,East Denise,AL,61298
"0915 Danielle Inlet Suite 224 Beasleybury, PR 83039",205,Williams Group Branch,Matthewborough,TX,11584
"417 Gary Station Port Nicoleton, WA 76659",206,Simon LLC Branch,Karenville,MT,57945
"93586 Williams Union Apt. 995 Stephanieton, ID 79240",207,Mullen Group Branch,Andrewshire,UT,42769
"16494 Greene Mountain North Chelsea, NJ 87902",208,Weiss-Hanna Branch,Caseyfurt,MT,96615
"273 Christie Underpass South Connie, AL 45048",209,Chapman-Fitzpatrick Branch,North Sandra,LA,12949
"08848 Carey Avenue Suite 109 Timothyview, MN 75467",210,Gardner-Baldwin Branch,Longstad,MD,58256
"647 Mitchell Tunnel Suite 587 Lake Williamhaven, AR 89478",211,Garcia PLC Branch,Ashleyhaven,FM,15302
"52283 April Manors South Mariah, WI 35038",212,Parks-Martinez Branch,West Chaseburgh,NM,17677
"0290 Jackson Tunnel Suite 928 Lake Cynthiaside, CA 32217",213,Rhodes-Griffin Branch,North Brian,VI,13873
USNV Jones FPO AP 64168,214,Mccall-Barajas Branch,Port Jenniferville,MO,42565
"188 Russell Underpass Suite 823 South Jessica, PA 01732",215,Allen and Sons Branch,Lake Victor,MN,33020
"7323 Audrey Fords Castanedachester, GA 01291",216,"Gamble, Jones and Williams Branch",New Richardberg,TN,87317
"PSC 8514, Box 2059 APO AA 16517",217,Adams-Robinson Branch,South Richard,KS,29148
"0282 Davis Knoll Suite 752 West Christopherchester, MA 36734",218,"Carter, Berry and Atkinson Branch",West Thomasborough,AL,97284
"PSC 9408, Box 6616 APO AP 19925",219,"Williams, Nguyen and Spencer Branch",Jacksonville,LA,66559
"410 Paul Crest Apt. 798 Stevenstown, WI 06027",220,Romero Group Branch,Johnport,GU,98963
"43141 Jordan Island Port Christine, WI 97827",221,"Chavez, Wilson and Smith Branch",Powellfort,GU,53689
"115 Chapman Roads Suite 727 Loriview, WV 06372",222,Odom-Fischer Branch,Port Penny,WA,55306
"6571 Elizabeth Lodge Ingrammouth, VA 26701",223,Sanders Group Branch,Ginaport,NE,41028
Unit 4534 Box 0255 DPO AA 64644,224,"King, Hill and Medina Branch",Judystad,ND,33769
"107 Troy Bridge Suite 234 East Courtney, IL 14248",250,Haynes-Fisher Branch,Troyland,VA,68739
"21807 Wilson Forge Suite 304 New Zachary, TX 37611",251,"Medina, Douglas and Haney Branch",Kylemouth,OR,70149
"6549 Anthony Pike Port Loriton, MH 65183",252,Espinoza-Blackwell Branch,New Matthew,HI,34067
"44361 Jarvis Pines Katherineburgh, RI 87816",253,Bruce PLC Branch,Anneview,OR,69164
Unit 1149 Box 4594 DPO AP 95562,254,Morris-Prince Branch,Frankside,NY,78162
"217 Nichols Branch North Elizabeth, NH 70563",255,Collins-Davis Branch,Figueroahaven,UT,36818
"4466 Billy Corner Apt. 599 Lake Courtney, CT 09385",256,Coleman-Marshall Branch,Parkermouth,AR,18213
"702 Page View Suite 332 Weberhaven, MP 19348",257,Herrera-Smith Branch,Paigechester,FL,87161
"0302 Aaron Fall Suite 272 East Ashley, NE 71448",258,Delgado-Stokes Branch,Frankfurt,KS,51090
Unit 0430 Box 6510 DPO AE 97148,259,Medina-Cooke Branch,South Stevenstad,IN,20264
USCGC Harrison FPO AP 79258,260,"Spencer, Rodriguez and Simon Branch",West Gregory,MT,92880
"61069 Michael Station Jessicamouth, TN 03386",261,Vargas-Cruz Branch,Port Diana,AR,98014
"233 Peter Street Suite 149 Michellestad, MO 37434",262,"Smith, Conley and Best Branch",Jeffersonbury,VA,81162
"3317 Carter Crossing Suite 215 Meganland, OH 55867",263,Gonzalez-Salinas Branch,West Garrettside,MI,69797
"7209 Ashley Fort West Nicolebury, AL 25251",264,"Booth, Osborne and Wagner Branch",Donaldborough,WI,84295
"85912 Adams Port Apt. 334 New Danny, CT 42703",265,"Huynh, Cannon and Smith Branch",Evanborough,NV,82271
"6149 Michelle Port Paulmouth, VI 58796",266,Bruce Inc Branch,Rothport,NM,80108
"4759 Kristina Spurs Paulborough, MP 71894",267,"Gill, Murillo and Villarreal Branch",East Paul,NC,03859
"PSC 6860, Box 8086 APO AA 57768",268,"Garcia, Campbell and Fitzpatrick Branch",Lake Donaldstad,IN,88180
"921 Brown Gardens East Billy, MI 93343",269,Macdonald-Trujillo Branch,Diazland,TN,40462
"2084 Cowan Coves Suite 284 North Johnport, LA 84821",270,James PLC Branch,Lake James,UT,85905
"30500 Gordon Dam Jeffreybury, OR 92497",271,Clark-Griffin Branch,South Brianna,NV,56847
Unit 1289 Box 1155 DPO AE 85024,272,King Ltd Branch,Annamouth,DC,21264
"9159 Wu Stravenue Apt. 267 Johnsonbury, CT 35710",273,Cox-Harper Branch,Martinberg,NV,29970
"925 Shepard Port West Rachelside, IL 07550",274,"Howell, Smith and Lynn Branch",New Garrett,TX,35158
"6912 Gonzales Oval New Lindashire, ME 15508",100,Montoya-Hernandez Branch,New Diana,MP,24749
"4158 Kevin Brook Lewisside, NE 05594",101,"Murphy, Curry and Bell Branch",Lisaborough,AR,33179
"99498 Jenkins Union Ryanview, AR 92168",102,Walsh and Sons Branch,Maciasshire,RI,62819
"826 Nguyen Via Nicholasstad, OH 70013",103,Thompson and Sons Branch,Thomasland,TX,53914
"1702 Sarah Villages Suite 642 Lake Jesse, ME 07708",104,"Miller, Simpson and Robinson Branch",North Sydney,MI,76145
"992 Bryant Street East Anthony, HI 68928",105,Bennett Ltd Branch,East Laura,WI,31317
"033 Carrie Hills North Lisafort, LA 67153",106,Abbott-Hoover Branch,Jamesside,WA,91623
"31572 Harris Rest New Bryan, UT 86161",107,"Clarke, Jensen and Cain Branch",West Jonathan,ND,27404
"04619 Ellis Station Callahanfurt, WY 26527",108,Rodriguez Ltd Branch,Edwardhaven,KY,14625
"021 Yoder Wells Apt. 760 Nicholasbury, AZ 44377",109,"Clark, Mcclure and Villegas Branch",West Marciaview,OK,95828
"421 Loretta Field North Nancy, AR 67338",110,Walton-White Branch,Bradleyland,FM,33760
"668 Jason Drives East Sharon, PA 23150",111,Jordan-Garcia Branch,Shahton,UT,29164
"66181 Martin Crossroad Apt. 197 Port James, GU 37916",112,Bennett-Harrington Branch,Josephberg,WI,46755
"715 Tucker Row Suite 642 Anthonyfort, AL 10105",113,Lee-Morrison Branch,East Bradton,PR,65864
"593 Ryan Ports Suite 711 Mistyland, IL 12199",114,Anderson-Smith Branch,Sanchezburgh,OH,18840
"9218 Davis Squares Fowlerview, RI 11454",115,Porter Inc Branch,Lake Thomaschester,TX,05296
"31431 Sarah Turnpike Suite 141 Denisefort, NV 34458",116,"Ortiz, Gonzalez and Bell Branch",Port Michaelborough,IN,23656
USNS Tucker FPO AE 04095,117,Reynolds Ltd Branch,South Alicia,DC,50748
"484 Vargas Stream Suite 714 North John, HI 09010",118,Wong-Collins Branch,West Amanda,MD,64315
"48086 Perez Burgs Alvaradoport, NJ 27586",119,"Bowers, Owens and Reynolds Branch",New Danielbury,SC,17819
"4551 Aimee Cliff Port Samantha, NV 43883",120,Woodward Inc Branch,Shermanfurt,DC,50958
"212 Atkinson Gardens Suite 925 Murrayberg, NH 85274",121,"Harrington, Walsh and Mendez Branch",Ramirezstad,RI,73116
"54469 Davis Manor Apt. 571 Baileyberg, MH 20157",122,"Hunt, Cain and Perez Branch",New Brian,CA,50791
"57865 Katherine Well Cookton, RI 70627",123,Sanchez-Figueroa Branch,West Danielle,RI,41206
"7948 Cummings Land Davidland, WV 83063",124,Welch-Stewart Branch,Garrettfurt,AR,69152
